Rank,Player,Team,Pos,Tier,ADP,Notes
1.29,Shohei Ohtani,LAD,"U,SP",,,
2.14,Bobby Witt,KC,SS,,,
3.43,Juan Soto,NYM,OF,,,
5.29,Corbin Carroll,ARI,OF,,,
7.29,Elly De La Cruz,CIN,SS,,,
7.71,Ronald Acuna,ATL,OF,,,
8.57,Paul Skenes,PIT,SP,,,
9.00,Aaron Judge,NYY,OF,,,
9.57,Tarik Skubal,DET,SP,,,
9.71,Julio Rodriguez,SEA,OF,,,
11.29,Junior Caminero,TB,3B,,,
12.29,Gunnar Henderson,BAL,SS,,,
12.57,Nick Kurtz,ATH,1B,,,
13.57,Fernando Tatis,SD,OF,,,
15.71,Garrett Crochet,BOS,SP,,,
16.86,Jackson Chourio,MIL,OF,,,
17.29,Vladimir Guerrero,TOR,1B,,,
18.71,Jose Ramirez,CLE,3B,,,
18.86,Kyle Tucker,LAD,OF,,,
20.86,James Wood,WAS,OF,,,
21.00,Roman Anthony,BOS,OF,,,
22.57,Konnor Griffin,PIT,SS,,,
24.14,Cal Raleigh,SEA,C,,,
25.57,Wyatt Langford,TEX,OF,,,
26.29,Francisco Lindor,NYM,SS,,,
28.43,Pete Crow-Armstrong,CHC,OF,,,
28.86,Zach Neto,LAA,SS,,,
29.57,Yoshinobu Yamamoto,LAD,SP,,,
29.71,Jazz Chisholm,NYY,"2B,3B",,,
30.43,Yordan Alvarez,HOU,OF,,,
31.43,Hunter Brown,HOU,SP,,,
33.43,Ketel Marte,ARI,2B,,,
34.43,Pete Alonso,BAL,1B,,,
35.14,Kevin McGonigle,DET,SS,,,
35.29,Logan Gilbert,SEA,SP,,,
37.86,Kyle Schwarber,PHI,DH,,,
38.14,Jackson Merrill,SD,OF,,,
39.14,Cristopher Sanchez,PHI,SP,,,
40.43,Rafael Devers,SF,1B,,,
41.29,Riley Greene,DET,OF,,,
41.86,CJ Abrams,WAS,SS,,,
44.00,Hunter Greene,CIN,SP,,,
44.57,Trea Turner,PHI,SS,,,
44.71,Jesus Made,MIL,SS,,,
47.29,Bryan Woo,SEA,SP,,,
49.00,Eury Perez,MIA,SP,,,
51.43,Bryce Harper,PHI,1B,,,
53.71,Manny Machado,SD,3B,,,
54.00,Matt Olson,ATL,1B,,,
55.86,Mookie Betts,LAD,SS,,,
57.40,Leo De Vries,ATH,SS,,,
59.86,Josh Naylor,SEA,1B,,,
61.00,Cole Ragans,KC,SP,,,
61.14,Samuel Basallo,BAL,C,,,
61.71,Logan Webb,SF,SP,,,
63.29,Spencer Schwellenbach,ATL,SP,,,
63.43,Brent Rooker,ATH,OF,,,
63.43,Joe Ryan,MIN,SP,,,
64.71,JJ Wetherholt,STL,SS,,,
65.14,Jackson Holliday,BAL,2B,,,
66.00,Leodalis De Vries,,,,,
66.14,George Kirby,SEA,SP,,,
66.57,Sebastian Walcott,TEX,SS,,,
68.14,Austin Riley,ATL,3B,,,
69.86,Chase Burns,CIN,SP,,,
70.14,Freddy Peralta,NYM,SP,,,
71.29,Maikel Garcia,KC,"2B,3B,SS",,,
71.86,Jarren Duran,BOS,OF,,,
72.00,Corey Seager,TEX,SS,,,
72.00,Jeremy Pena,HOU,SS,,,
74.43,Max Fried,NYY,SP,,,
74.71,William Contreras,MIL,C,,,
75.57,Bo Bichette,NYM,SS,,,
77.43,Ben Rice,NYY,"C,1B",,,
77.57,Geraldo Perdomo,ARI,SS,,,
78.14,Cody Bellinger,NYY,OF,,,
83.43,Brice Turang,MIL,2B,,,
83.43,Jacob Misiorowski,MIL,SP,,,
84.29,Nolan McLean,NYM,SP,,,
86.43,Oneil Cruz,PIT,OF,,,
86.43,Tyler Soderstrom,ATH,"1B,OF",,,
87.00,Max Clark,DET,OF,,,
87.14,Vinnie Pasquantino,KC,1B,,,
87.14,Walker Jenkins,MIN,OF,,,
88.29,Michael Busch,CHC,1B,,,
92.57,Seiya Suzuki,CHC,OF,,,
93.29,Trey Yesavage,TOR,SP,,,
95.00,Mason Miller,SD,RP,,,
95.14,Spencer Strider,ATL,SP,,,
97.43,Dylan Cease,TOR,SP,,,
99.14,Blake Snell,LAD,SP,,,
99.29,Jesus Luzardo,PHI,SP,,,
100.50,Jacob deGrom,TEX,SP,,,
100.86,Bryce Eldridge,SF,DH,,,
101.29,Alex Bregman,CHC,3B,,,
101.29,Jordan Westburg,BAL,"2B,3B",,,
101.83,Chris Sale,ATL,SP,,,
102.29,Drake Baldwin,ATL,C,,,
103.43,Byron Buxton,MIN,OF,,,
103.50,Michael Harris,ATL,OF,,,
104.14,Bubba Chandler,PIT,SP,,,
104.60,Michael Harris II,,,,,
105.00,Luis Garcia,WAS,2B,,,
106.71,Agustin Ramirez,MIA,C,,,
107.29,Lawrence Butler,ATH,OF,,,
108.00,Randy Arozarena,SEA,OF,,,
108.14,Jac Caglianone,KC,"1B,OF",,,
109.00,Andy Pages,LAD,OF,,,
109.57,Shea Langeliers,ATH,C,,,
111.14,Colt Emerson,SEA,SS,,,
112.14,Kyle Stowers,MIA,OF,,,
113.17,Andres Munoz,SEA,RP,,,
113.86,Framber Valdez,DET,SP,,,
115.00,Emmet Sheehan,LAD,SP,,,
115.57,Aidan Miller,PHI,SS,,,
119.17,Matt Shaw,CHC,3B,,,
119.71,Freddie Freeman,LAD,1B,,,
120.57,Luke Keaschall,MIN,2B,,,
121.71,Kyle Bradish,BAL,SP,,,
121.86,Jacob Wilson,ATH,SS,,,
127.57,Jhoan Duran,PHI,RP,,,
127.71,Sal Stewart,CIN,1B,,,
127.86,Dylan Crews,WAS,OF,,,
128.57,Hunter Goodman,COL,C,,,
130.14,Cam Schlittler,,,,,
131.17,Luis Pena,MIL,SS,,,
131.43,Michael King,SD,SP,,,
132.86,Thomas White,MIA,SP,,,
134.00,Tyler Glasnow,LAD,SP,,,
134.14,Carson Benge,NYM,OF,,,
134.43,Will Smith,LAD,C,,,
135.00,Pablo Lopez,MIN,SP,,,
135.86,Willy Adames,SF,SS,,,
137.00,Christian Yelich,MIL,OF,,,
138.33,Nick Lodolo,CIN,SP,,,
140.00,MacKenzie Gore,TEX,SP,,,
140.43,Edwin Diaz,HOU,SS,,,
140.57,Ceddanne Rafaela,BOS,"2B,OF",,,
144.57,Travis Bazzana,CLE,2B,,,
145.29,Josue De Paula,LAD,OF,,,
145.43,Isaac Paredes,HOU,3B,,,
145.71,Jasson Dominguez,NYY,OF,,,
147.14,Jonathan Aranda,TB,1B,,,
147.83,Tatsuya Imai,HOU,SP,,,
147.86,Jo Adell,LAA,OF,,,
149.71,Addison Barger,TOR,"3B,OF",,,
151.50,Zack Wheeler,PHI,SP,,,
151.57,Luis Robert,NYM,OF,,,
154.50,Bryce Rainer,DET,SS,,,
154.86,Spencer Torkelson,DET,1B,,,
156.00,Noelvi Marte,CIN,"3B,OF",,,
158.00,Ivan Herrera,STL,C,,,
159.43,Ozzie Albies,ATL,2B,,,
162.14,Nick Pivetta,SD,SP,,,
163.57,Eduardo Quintero,LAD,OF,,,
164.00,Roki Sasaki,LAD,SP,,,
164.29,Jonah Tong,NYM,SP,,,
165.14,Gavin Williams,CLE,SP,,,
165.43,Steven Kwan,CLE,OF,,,
165.57,Nico Hoerner,CHC,2B,,,
166.71,Carlos Rodon,NYY,SP,,,
166.86,Ryan Pepiot,TB,SP,,,
168.29,Josh Hader,HOU,RP,,,
169.29,Edward Florentino,PIT,OF,,,
170.00,Max P Muncy,,,,,
173.33,Jared Jones,PIT,1B,,,
174.00,Mike Trout,LAA,OF,,,
174.50,Cade Smith,CLE,RP,,,
175.00,Cade Horton,CHC,SP,,,
179.00,Heliot Ramos,SF,OF,,,
179.00,Zyhir Hope,LAD,OF,,,
180.43,Sandy Alcantara,MIA,SP,,,
181.00,Payton Tolle,BOS,RP,,,
181.43,Adley Rutschman,BAL,C,,,
182.00,Kade Anderson,SEA,SP,,,
183.57,Jose Altuve,HOU,"2B,OF",,,
185.00,Ronny Henriquez,MIA,RP,,,
186.29,Edward Cabrera,CHC,SP,,,
187.29,Shane Baz,BAL,SP,,,
187.71,Ranger Suarez,BOS,SP,,,
188.43,Royce Lewis,MIN,3B,,,
188.43,Wilyer Abreu,BOS,OF,,,
190.17,Marcelo Mayer,BOS,3B,,,
191.00,Gerrit Cole,NYY,SP,,,
191.71,Cam Smith,HOU,OF,,,
194.29,Kris Bubic,KC,SP,,,
194.57,Shane Bieber,TOR,SP,,,
195.14,Jakob Marsee,MIA,OF,,,
195.29,Eugenio Suarez,CIN,3B,,,
195.67,Kyle Manzardo,CLE,1B,,,
201.00,Andrew Painter,PHI,SP,,,
201.86,Matt Chapman,SF,3B,,,
202.71,Brenton Doyle,COL,OF,,,
204.67,Drew Rasmussen,TB,SP,,,
205.14,Teoscar Hernandez,LAD,OF,,,
205.57,Josue Briceno,DET,C,,,
205.71,Ryan Waldschmidt,ARI,OF,,,
205.83,Carter Jensen,KC,C,,,
206.00,Shota Imanaga,CHC,SP,,,
208.83,Kevin Gausman,TOR,SP,,,
209.29,Kerry Carpenter,DET,OF,,,
209.86,Corbin Burnes,ARI,SP,,,
210.50,Caleb Bonemer,CHW,SS,,,
211.67,Tanner Bibee,CLE,SP,,,
212.00,Robbie Ray,SF,SP,,,
214.00,Brandon Woodruff,MIL,SP,,,
214.14,Dylan Beavers,BAL,OF,,,
216.83,Jordan Lawlar,ARI,3B,,,
217.71,Kristian Campbell,BOS,2B,,,
218.14,Luis Castillo,MIL,OF,,,
218.83,Robby Snelling,MIA,SP,,,
218.86,Bryce Miller,SEA,SP,,,
219.00,Jackson Jobe,DET,SP,,,
219.67,Grayson Rodriguez,LAA,SP,,,
220.67,Devin Williams,NYM,RP,,,
222.14,Colson Montgomery,CHW,"3B,SS",,,
223.57,Ian Happ,CHC,OF,,,
225.00,Lazaro Montes,SEA,OF,,,
228.00,Munetaka Murakami,CHW,1B,,,
228.71,Chandler Simpson,TB,OF,,,
228.83,Yainer Diaz,HOU,C,,,
231.57,Yandy Diaz,TB,1B,,,
233.00,Shane McClanahan,TB,SP,,,
234.00,Eli Willits,WAS,SS,,,
234.17,Joshua Baez,STL,OF,,,
234.17,Kyle Teel,CHW,C,,,
236.57,Matt McLain,CIN,2B,,,
237.14,Andrew Abbott,CIN,SP,,,
238.00,Nathan Eovaldi,TEX,SP,,,
239.00,Alex Clemmey,WAS,SP,,,
240.43,Brandon Nimmo,TEX,OF,,,
241.17,Dansby Swanson,CHC,SS,,,
241.67,Rainiel Rodriguez,STL,C,,,
242.00,AJ Ewing,,,,,
243.17,Hurston Waldrep,ATL,SP,,,
244.71,Taylor Ward,BAL,OF,,,
246.17,Colton Cowser,BAL,OF,,,
246.86,Chase DeLauter,CLE,OF,,,
247.00,George Lombard,NYY,SS,,,
247.33,Ezequiel Tovar,COL,SS,,,
250.14,Alejandro Kirk,TOR,C,,,
250.50,George Springer,TOR,OF,,,
250.50,Masyn Winn,STL,SS,,,
251.83,Braden Montgomery,CHW,OF,,,
252.33,Justin Steele,CHC,SP,,,
252.83,Sal Frelick,MIL,OF,,,
253.00,Francisco Alvarez,NYM,C,,,
253.50,Sonny Gray,BOS,SP,,,
256.00,Willson Contreras,BOS,1B,,,
256.50,Jett Williams,MIL,SS,,,
257.50,Anthony Volpe,NYY,SS,,,
257.67,Quinn Mathews,STL,SP,,,
259.33,Brandon Lowe,PIT,2B,,,
260.40,Jonny Farmelo,SEA,OF,,,
261.17,Connelly Early,BOS,SP,,,
261.67,Ethan Holliday,COL,SS,,,
262.00,Daylen Lile,WAS,OF,,,
262.00,Xavier Edwards,MIA,"2B,SS",,,
262.57,Trevor Rogers,BAL,SP,,,
263.33,Daulton Varsho,TOR,OF,,,
264.00,Trevor Story,BOS,SS,,,
265.00,Alec Burleson,STL,"1B,OF",,,
265.43,Bryan Reynolds,PIT,OF,,,
266.00,Emmanuel Clase,CLE,RP,,,
270.00,Dax Kilby,NYY,SS,,,
270.17,Aaron Nola,PHI,SP,,,
270.33,Jack Flaherty,DET,SP,,,
272.71,Mike Sirota,LAD,OF,,,
272.86,Bryson Stott,PHI,"2B,SS",,,
275.33,Justin Crawford,PHI,OF,,,
276.33,Emmanuel Rodriguez,MIN,OF,,,
276.83,Mark Vientos,NYM,3B,,,
277.50,Liam Doyle,STL,SP,,,
277.50,Logan O’Hoppe,,,,,
278.00,Seth Hernandez,PIT,SP,,,
278.17,JoJo Parker,TOR,SS,,,
278.83,Moises Ballesteros,CHC,DH,,,
280.00,Dominic Canzone,SEA,OF,,,
280.00,Raisel Iglesias,ATL,RP,,,
280.33,Ryan Sloan,SEA,SP,,,
280.50,Carson Williams,TB,SS,,,
281.17,Zebby Matthews,MIN,SP,,,
281.20,Hagen Smith,CHW,SP,,,
286.40,AJ Smith-Shawver,,,,,
286.83,Jordan Beck,COL,OF,,,
287.14,Brett Baty,NYM,"2B,3B",,,
288.00,Gleyber Torres,DET,2B,,,
288.83,Coby Mayo,BAL,1B,,,
290.83,Zac Gallen,ARI,SP,,,
291.17,Dalton Rushing,LAD,C,,,
291.80,Theo Gillen,TB,OF,,,
291.83,Travis Sykora,WAS,SP,,,
292.00,Kazuma Okamoto,TOR,3B,,,
292.17,Jack Leiter,TEX,SP,,,
294.33,Gabriel Moreno,ARI,C,,,
296.83,David Bednar,NYY,RP,,,
297.67,Chase Dollander,COL,SP,,,
299.33,Jaison Chourio,CLE,OF,,,
302.00,Luis Hernandez,SF,SS,,,
302.83,Noah Cameron,KC,SP,,,
304.17,Gage Jump,ATH,SP,,,
304.40,Max Meyer,MIA,SP,,,
305.00,Quinn Priester,MIL,SP,,,
306.50,Ralphy Velazquez,CLE,1B,,,
306.60,Brody Hopkins,TB,SP,,,
307.00,Elmer Rodriguez,,,,,
307.00,Emil Morales,LAD,SS,,,
308.00,Brendan Donovan,SEA,"2B,OF",,,
309.71,Josh Lowe,,,,,
310.00,Spencer Steer,CIN,"1B,OF",,,
311.67,Casey Mize,DET,SP,,,
312.00,Josuar Gonzalez,,,,,
312.50,Charlie Condon,COL,1B,,,
312.83,Colt Keith,DET,"1B,2B,3B",,,
313.00,Otto Lopez,MIA,"2B,SS",,,
313.83,Owen Caissie,MIA,OF,,,
314.50,Evan Carter,TEX,OF,,,
315.50,Triston Casas,BOS,1B,,,
315.80,Brayan Bello,BOS,SP,,,
316.00,David Festa,MIN,SP,,,
318.20,Noah Schultz,CHW,SP,,,
318.50,Kaelen Culpepper,MIN,SS,,,
319.33,Ryan Weathers,NYY,SP,,,
320.67,Ryan Helsley,BAL,RP,,,
323.67,Jackson Ferris,LAD,SP,,,
324.00,Elmer Rodriguez-Cruz,NYY,SP,,,
324.83,Reese Olson,DET,SP,,,
325.33,Salvador Perez,KC,"C,1B",,,
325.67,Lenyn Sosa,CHW,"1B,2B",,,
326.00,Seranthony Dominguez,CHW,RP,,,
326.83,Andrew Vaughn,MIL,1B,,,
327.00,Carlos Correa,HOU,"3B,SS",,,
327.17,Jamie Arnold,ATH,SP,,,
327.67,Troy Melton,DET,RP,,,
328.00,Logan Henderson,MIL,SP,,,
328.33,Jarlin Susana,WAS,SP,,,
328.67,Aiva Arquette,MIA,SS,,,
329.50,Grant Taylor,CHW,RP,,,
330.67,Jeferson Quero,MIL,C,,,
330.80,Ramon Laureano,SD,OF,,,
331.00,Christian Moore,LAA,2B,,,
331.60,Aroldis Chapman,BOS,RP,,,
332.40,Felnin Celesten,SEA,SS,,,
332.67,Jung Hoo Lee,SF,OF,,,
333.33,Kodai Senga,NYM,SP,,,
333.67,Ryne Nelson,ARI,"SP,RP",,,
335.33,Landen Roupp,SF,SP,,,
335.33,Michael Arroyo,SEA,2B,,,
336.50,Emilio Pagan,CIN,RP,,,
337.00,Ernie Clement,TOR,"1B,2B,3B,SS",,,
337.33,Franklin Arias,BOS,SS,,,
337.60,Taj Bradley,MIN,SP,,,
337.83,Alfredo Duno,CIN,C,,,
338.00,Nolan Schanuel,LAA,1B,,,
338.50,Alec Bohm,PHI,"1B,3B",,,
339.33,Randy Rodriguez,SF,RP,,,
339.50,Daniel Palencia,CHC,RP,,,
340.60,Luis Gil,NYY,SP,,,
340.67,Steele Hall,CIN,SS,,,
341.00,Jurrangelo Cijntje,STL,SP,,,
342.25,Mickey Moniak,COL,OF,,,
342.40,Matt Wallner,MIN,OF,,,
342.50,Caleb Durbin,BOS,"2B,3B",,,
342.83,Spencer Jones,NYY,OF,,,
343.20,Jose Soriano,LAA,SP,,,
343.50,Jurickson Profar,ATL,OF,,,
343.67,Abner Uribe,MIL,RP,,,
343.67,Joe Musgrove,SD,SP,,,
344.25,Mitch Keller,PIT,SP,,,
344.67,Tink Hence,STL,SP,,,
346.50,Camilo Doval,NYY,RP,,,
347.00,Giancarlo Stanton,NYY,OF,,,
348.17,Xander Bogaerts,SD,SS,,,
348.50,Anthony Santander,TOR,OF,,,
348.67,Jorge Polanco,NYM,2B,,,
348.80,Jacob Lopez,ATH,SP,,,
349.00,Arjun Nimmala,TOR,SS,,,
349.00,Braxton Ashcraft,PIT,"SP,RP",,,
349.00,Braxton Garrett,MIA,SP,,,
349.00,Shane Smith,CHW,SP,,,
349.80,Alex Freeland,LAD,"2B,3B",,,
349.80,Jhostynxon Garcia,PIT,OF,,,
350.33,Trent Grisham,NYY,OF,,,
351.00,Spencer Arrighetti,HOU,SP,,,
351.33,Cam Caminiti,ATL,SP,,,
352.50,Braylon Payne,MIL,OF,,,
353.50,Logan O'Hoppe,LAA,C,,,
354.17,Luis Garcia,WAS,2B,,,
354.50,Trevor Megill,MIL,RP,,,
355.00,Riley O'Brien,STL,RP,,,
355.40,Adolis Garcia,PHI,OF,,,
356.50,Cooper Pratt,MIL,SS,,,
357.33,Austin Wells,NYY,C,,,
357.40,Cole Young,SEA,2B,,,
358.50,Sean Burke,CHW,SP,,,
358.67,Victor Scott,,,,,
360.00,Bo Davidson,SF,OF,,,
360.00,Clarke Schmidt,NYY,SP,,,
360.80,Esmerlyn Valdez,PIT,OF,,,
361.50,Ryan Clifford,NYM,1B,,,
361.67,Jeff Hoffman,TOR,RP,,,
362.00,Tyler Bremner,LAA,SP,,,
362.75,Gage Wood,PHI,SP,,,
362.80,Eduardo Tait,MIN,C,,,
363.50,Luis Morales,ATH,SP,,,
363.50,Tyson Lewis,CIN,SS,,,
364.33,Josh Jung,TEX,3B,,,
365.60,Cristian Javier,HOU,SP,,,
365.67,Will Warren,NYY,SP,,,
366.50,Bailey Ober,MIN,SP,,,
369.00,Joe Boyle,TB,SP,,,
372.67,Cody Ponce,TOR,RP,,,
373.33,Jaxon Wiggins,CHC,SP,,,
373.60,Brandon Pfaadt,ARI,SP,,,
375.20,Christian Scott,NYM,SP,,,
375.50,Kody Clemens,MIN,"1B,2B,OF",,,
375.60,Marcus Semien,NYM,2B,,,
375.67,Blake Mitchell,KC,C,,,
376.00,Robert Stephenson,LAA,RP,,,
377.00,AJ Puk,,,,,
377.00,Chase Petty,CIN,SP,,,
377.25,Rhett Lowder,CIN,SP,,,
377.67,Max Muncy,LAD,3B,,,
378.00,Justin Sterner,ATH,RP,,,
378.40,Bryan Abreu,HOU,RP,,,
378.83,Luis Arraez,SF,"1B,2B",,,
379.50,Carson Whisenhunt,SF,SP,,,
379.50,Luis Perales,WAS,RP,,,
379.50,Mike Burrows,,,,,
379.60,Ha-Seong Kim,ATL,SS,,,
380.00,Matthew Boyd,CHC,SP,,,
381.00,Ben Casparius,LAD,RP,,,
381.17,Kyson Witherspoon,BOS,SP,,,
381.50,Zach Eflin,BAL,SP,,,
382.00,Chase Meidroth,CHW,"2B,SS",,,
382.00,Tyler Wells,BAL,SP,,,
382.25,Joe Mack,MIA,C,,,
382.50,Michael McGreevy,STL,SP,,,
383.50,Christian Walker,HOU,1B,,,
384.00,TJ Nichols,,,,,
385.17,TJ Friedl,CIN,OF,,,
385.75,Jack Perkins,ATH,RP,,,
386.00,Elmer Rodriguez Cruz,,,,,
386.50,Billy Carlson,CHW,SS,,,
386.50,Brady House,WAS,3B,,,
386.50,Marcell Ozuna,PIT,DH,,,
386.83,Tommy Edman,LAD,"2B,3B,OF",,,
387.00,Mick Abel,MIN,SP,,,
388.00,Jace Jung,DET,3B,,,
388.00,Miguel Vargas,CHW,"1B,3B",,,
388.33,C.J. Kayfus,CLE,"1B,OF",,,
388.60,Ethan Conrad,CHC,OF,,,
389.60,Brandon Sproat,MIL,SP,,,
389.67,Sean Manaea,NYM,SP,,,
389.67,Zack Littell,CIN,SP,,,
389.83,Carlos Lagrange,NYY,SP,,,
390.50,Grant Holmes,ATL,SP,,,
391.50,Slade Caldwell,ARI,OF,,,
392.00,Carmen Mlodzinski,PIT,"SP,RP",,,
392.60,Carlos Estevez,KC,RP,,,
392.67,River Ryan,LAD,SP,,,
392.83,Parker Messick,CLE,SP,,,
393.33,Dennis Santana,PIT,RP,,,
394.00,Brooks Baldwin,CHW,"2B,3B,SS,OF",,,
394.33,Justin Martinez,ARI,RP,,,
395.00,Austin Martin,MIN,OF,,,
395.00,CJ Kayfus,,,,,
395.83,Merrill Kelly,ARI,SP,,,
396.83,Brooks Lee,MIN,"2B,3B,SS",,,
397.00,Hector Rodriguez,CIN,OF,,,
397.25,Jose Caballero,NYY,"2B,3B,SS,OF",,,
398.00,Jacob Latz,TEX,"SP,RP",,,
399.00,Juan Sanchez,TOR,3B,,,
400.00,Ryan O’Hearn,,,,,
400.17,Jacob Reimer,NYM,3B,,,
401.00,Chase Harlan,LAD,3B,,,
402.00,Christian Encarnacion-Strand,CIN,1B,,,
402.00,Kyle Leahy,STL,RP,,,
402.40,Robert Suarez,ATL,RP,,,
403.00,Gavie Fien,,,,,
404.00,Casey Schmitt,SF,"1B,2B,3B",,,
404.00,Will Vest,DET,RP,,,
404.50,Denzel Clarke,ATH,OF,,,
404.75,Connor Norby,MIA,3B,,,
405.00,Zach McKinstry,DET,"3B,SS,OF",,,
405.33,Jake Burger,TEX,1B,,,
405.33,Lucas Giolito,BOS,SP,,,
405.33,Tyler O'Neill,BAL,OF,,,
405.50,Lars Nootbaar,STL,OF,,,
405.67,Aidan Smith,TB,OF,,,
406.00,Slade Cecconi,CLE,SP,,,
406.00,Tylor Megill,NYM,SP,,,
407.00,Hyeseong Kim,,,,,
407.17,Ian Seymour,TB,"SP,RP",,,
407.17,Ricky Tiedemann,TOR,SP,,,
407.50,Harry Ford,WAS,C,,,
408.33,Caden Dana,LAA,SP,,,
409.40,Kumar Rocker,TEX,SP,,,
410.20,Brice Matthews,HOU,2B,,,
411.00,Esteban Mejia,TEX,3B,,,
411.00,Johan Oviedo,BOS,SP,,,
411.00,Simeon Woods Richardson,MIN,SP,,,
412.50,Juneiker Caceres,CLE,OF,,,
414.00,Jhonny Level,SF,SS,,,
414.33,Pete Fairbanks,MIA,RP,,,
416.00,Spencer Horwitz,PIT,1B,,,
416.75,Hayden Birdsong,SF,"SP,RP",,,
417.00,Edgar Quero,CHW,C,,,
417.60,Xavier Isaac,TB,1B,,,
417.75,Ethan Salas,SD,C,,,
418.50,Tanner McDougal,CHW,SP,,,
418.60,Reid Detmers,LAA,RP,,,
419.33,Griffin Jax,TB,RP,,,
419.67,Rhys Hoskins,MIL,1B,,,
420.00,Kyle Harrison,MIL,SP,,,
420.67,Josh Smith,,,,,
421.20,Joey Cantillo,CLE,"SP,RP",,,
421.25,Nate George,BAL,OF,,,
422.50,Michael Forret,TB,SP,,,
422.60,Jordan Walker,STL,OF,,,
422.67,Matthew Liberatore,STL,SP,,,
425.00,Tyler Locklear,ARI,1B,,,
425.25,Colby Thomas,ATH,OF,,,
425.50,Demetrio Crisantes,ARI,2B,,,
426.00,JR Ritchie,ATL,SP,,,
426.00,Roldy Brito,COL,OF,,,
426.25,Kevin Alcantara,CHC,OF,,,
427.50,Angel Genao,CLE,SS,,,
427.67,Brady Singer,CIN,SP,,,
428.00,Elian Pena,NYM,SS,,,
429.50,Didier Fuentes,ATL,SP,,,
429.50,Jeremiah Estrada,SD,RP,,,
430.00,Clay Holmes,NYM,SP,,,
430.00,Deniel Ortiz,STL,3B,,,
430.00,Jose Berrios,TOR,SP,,,
430.67,Felix Bautista,BAL,RP,,,
430.80,Hunter Barco,PIT,RP,,,
431.00,Cedric Mullins II,,,,,
431.20,Cam Collier,CIN,1B,,,
432.00,Cade Cavalli,WAS,SP,,,
432.50,Gavin Sheets,SD,"1B,OF",,,
432.75,Brock Wilken,MIL,3B,,,
433.00,Justin Gonzales,BOS,OF,,,
433.00,Reynaldo Lopez,ATL,SP,,,
433.60,Parker Meadows,DET,OF,,,
433.75,Jesus Sanchez,TOR,OF,,,
434.00,Wandy Asigen,NYM,SS,,,
434.25,Gavin Fien,WAS,SS,,,
434.50,Tyler O’Neill,,,,,
434.67,Jorge Soler,LAA,OF,,,
435.00,Clayton Beeter,WAS,RP,,,
435.00,Yusei Kikuchi,LAA,SP,,,
436.00,Brandon Marsh,PHI,OF,,,
436.40,Caden Scarborough,TEX,SP,,,
436.50,Jacob Melton,TB,OF,,,
437.00,Javier Sanoja,MIA,"2B,3B,SS,OF",,,
437.00,Tyler Stephenson,CIN,C,,,
437.25,Kenley Jansen,DET,RP,,,
439.50,Cedric Mullins,TB,OF,,,
440.00,Griffin Conine,MIA,OF,,,
440.50,Dillon Dingler,DET,C,,,
440.50,Nolan Gorman,STL,"2B,3B",,,
440.50,Termarr Johnson,PIT,2B,,,
441.00,Henderson Alvarez III,,,,,
441.00,Tommy Troy,ARI,2B,,,
442.50,Orion Kerkering,PHI,RP,,,
443.75,Ronny Mauricio,NYM,3B,,,
443.80,Chad Patrick,MIL,SP,,,
444.33,Zack Gelof,ATH,2B,,,
444.67,Noble Meyer,MIA,SP,,,
444.80,Seth Lugo,KC,SP,,,
445.00,Jameson Taillon,CHC,SP,,,
447.00,Sean Gamble,KC,OF,,,
447.33,Andrew Fischer,MIL,3B,,,
447.50,Nick Castellanos,SD,OF,,,
448.00,Ethan Frey,HOU,OF,,,
448.00,Michael Soroka,,,,,
448.33,Ryan Jeffers,MIN,C,,,
448.50,Justin Wrobleski,LAD,RP,,,
449.00,Nick Becker,SEA,SS,,,
449.75,Ryan Walker,MIN,SS,,,
450.00,Francisco Renteria,PHI,OF,,,
450.00,J.T. Ginn,ATH,SP,,,
450.00,Luis De Leon,BAL,SP,,,
450.00,Ryan Mountcastle,BAL,1B,,,
451.00,Angeibel Gomez,KC,OF,,,
451.33,Kyle Finnegan,DET,RP,,,
451.33,Mike Yastrzemski,ATL,OF,,,
451.33,Zac Veen,COL,OF,,,
451.50,Jeff McNeil,ATH,"2B,OF",,,
452.00,Kevin Alvarez,HOU,OF,,,
452.00,Thomas Saggese,STL,"2B,3B,SS",,,
453.00,Robert Hassell III,,,,,
453.25,Ben Brown,CHC,"SP,RP",,,
454.00,Christian Oppor,CHW,SP,,,
455.00,Victor Robles,SEA,OF,,,
455.33,Aroon Escobar,PHI,2B,,,
456.00,Joey Ortiz,,,,,
456.00,Tre' Morgan,TB,1B,,,
457.00,James Tibbs III,,,,,
457.50,Dustin May,STL,SP,,,
458.00,Heriberto Hernandez,MIA,OF,,,
458.17,Andres Gimenez,TOR,"2B,SS",,,
459.00,David Hagaman,ARI,SP,,,
459.00,Kayson Cunningham,ARI,SS,,,
460.00,Josh Bell,MIN,1B,,,
460.00,Kash Mayfield,SD,SP,,,
462.00,Alejandro Rosario,WAS,SP,,,
462.00,Thayron Liranzo,DET,C,,,
462.67,Carlos Narvaez,BOS,C,,,
462.75,Jonathon Long,CHC,1B,,,
464.00,Cody Bradford,TEX,SP,,,
464.00,J.R. Ritchie,,,,,
464.75,Adael Amador,COL,2B,,,
464.80,J.T. Realmuto,PHI,C,,,
465.00,Andrew Benintendi,CHW,OF,,,
465.00,Kruz Schoolcraft,SD,SP,,,
465.50,DJ Herz,,,,,
465.50,Luisangel Acuna,CHW,2B,,,
465.50,Ryan O'Hearn,PIT,"1B,OF",,,
466.00,Edwin Arroyo,CIN,SS,,,
466.00,Jace LaViolette,CLE,OF,,,
466.00,Tanner Scott,LAD,RP,,,
467.00,Ethan Pecko,HOU,SP,,,
467.00,Sean Murphy,ATL,C,,,
468.00,Ty Johnson,TB,SP,,,
468.50,Tommy White,ATH,3B,,,
468.50,Trey Gibson,BAL,SP,,,
468.67,David Peterson,ATL,RP,,,
470.00,Josh Adamczewski,MIL,2B,,,
471.00,Carson Kelly,CHC,C,,,
471.00,Gavin Kilen,SF,SS,,,
472.00,Drew Gilbert,SF,OF,,,
472.50,Victor Scott II,STL,OF,,,
473.00,Dauri Fernandez,CLE,SS,,,
473.00,Ryan McMahon,NYY,3B,,,
473.50,Kemp Alderman,MIA,OF,,,
474.50,A.J. Ewing,NYM,OF,,,
474.50,Lourdes Gurriel,ARI,OF,,,
475.00,Logan Evans,SEA,SP,,,
476.00,Callan Moss,PIT,1B,,,
477.00,Khal Stephen,CLE,SP,,,
478.00,Luke Dickerson,WAS,SS,,,
479.00,Brayan Rocchio,CLE,"2B,SS",,,
479.00,Leonardo Bernal,STL,C,,,
480.50,Kendry Chourio,KC,SP,,,
480.67,Deyvison De Los Santos,MIA,1B,,,
482.00,Thomas Harrington,PIT,RP,,,
483.00,Adrian Morejon,SD,RP,,,
484.00,Gage Stanifer,TOR,SP,,,
484.00,Johnny King,TOR,SP,,,
485.00,Harrison Bader,SF,OF,,,
485.00,Kendall George,LAD,OF,,,
485.00,Nathaniel Lowe,,,,,
486.00,Gavin Stone,LAD,SP,,,
487.00,AJ Blubaugh,,,,,
487.00,Tyler Mahle,SF,SP,,,
487.00,Wenceel Perez,DET,OF,,,
487.50,J.P. Crawford,SEA,SS,,,
487.75,Owen Murphy,ATL,SP,,,
488.00,Robert Gasser,MIL,SP,,,
489.00,Kevin Defrank,MIA,SP,,,
489.00,Seaver King,WAS,SS,,,
491.00,Bryce Cunningham,NYY,SP,,,
491.00,Jefferson Rojas,CHC,SS,,,
491.00,Luis Matos,SF,OF,,,
492.00,Luke Weaver,NYM,RP,,,
492.00,Nelson Rada,LAA,OF,,,
492.50,Garrett Mitchell,MIL,OF,,,
493.00,Nolan Arenado,ARI,3B,,,
493.00,Ryan Johnson,HOU,3B,,,
494.00,Daniel Espino,CLE,SP,,,
494.67,Bo Naylor,CLE,C,,,
495.00,Isaac Collins,KC,OF,,,
495.00,Xavier Neyens,HOU,SS,,,
495.50,Daniel Pierce,TB,SS,,,
496.00,Brad Keller,PHI,RP,,,
496.25,Ike Irish,BAL,C,,,
497.00,Alejandro Osuna,TEX,OF,,,
498.00,Davis Schneider,TOR,"2B,OF",,,
498.00,Matt Brash,SEA,RP,,,
499.00,Edwin Uceta,TB,RP,,,
499.00,Gavin Lux,TB,"2B,OF",,,
499.50,Trevor Larnach,MIN,OF,,,
500.00,Tobias Myers,NYM,"SP,RP",,,
500.50,Austin Hays,CHW,OF,,,
501.00,Tony Blanco,PIT,1B,,,
503.00,Abimelec Ortiz,WAS,1B,,,
503.00,Jonathan India,KC,"2B,3B,OF",,,
504.67,Ben Hess,NYY,SP,,,
507.00,Robert Calaz,COL,OF,,,
510.00,Willi Castro,COL,"2B,3B,OF",,,
515.00,Robert Garcia,TEX,RP,,,
516.00,George Klassen,LAA,SP,,,
517.00,Ben Joyce,LAA,RP,,,
518.00,Drew Thorpe,CHW,SP,,,
519.00,Blade Tidwell,SF,SP,,,
521.00,Heston Kjerstad,BAL,OF,,,
522.00,Brandon Clarke,STL,SP,,,
522.00,Tyler Fitzgerald,SF,2B,,,
523.00,Joendry Vargas,LAD,SS,,,
525.00,Logan Allen,ARI,RP,,,
525.00,Michael Wacha,KC,SP,,,
526.00,JJ Bleday,,,,,
528.00,Luis Severino,ATH,SP,,,
530.00,Jake Cronenworth,SD,"1B,2B,SS",,,
531.00,Michael Toglia,CIN,1B,,,
532.00,Bobby Miller,LAD,SP,,,
534.00,Cade Povich,BAL,SP,,,
536.00,Griffin Canning,SD,SP,,,
538.00,Chris Bassitt,BAL,SP,,,
539.00,Lucas Erceg,KC,RP,,,
540.00,Druw Jones,ARI,OF,,,
543.00,Adrian Del Castillo,ARI,DH,,,
546.00,Marek Houston,MIN,SS,,,
551.00,Cole Carrigg,COL,OF,,,
555.00,Enrique Bradfield,BAL,OF,,,
557.00,Angel Martinez,CLE,"2B,OF",,,
559.00,Marco Luciano,NYY,SS,,,
560.00,Orelvis Martinez,WAS,2B,,,
562.00,Jeffrey Springs,ATH,SP,,,
564.00,Garrett Whitlock,BOS,RP,,,
566.00,Warming Bernabel,WAS,1B,,,
567.00,Yoeilin Cespedes,BOS,2B,,,
568.00,Yoniel Curet,PHI,SP,,,
574.00,Richard Fitts,STL,SP,,,
576.00,Keibert Ruiz,WAS,C,,,
578.00,Paul Goldschmidt,NYY,1B,,,
579.00,JP Sears,SD,SP,,,
580.00,Brayden Taylor,TB,3B,,,
582.00,James Triantos,CHC,2B,,,
583.00,Gabriel Gonzalez,MIN,OF,,,
584.00,Pavin Smith,ARI,1B,,,
585.00,Walker Buehler,SD,SP,,,
